Sentiment,Avg_Likes,Avg_Retweets
Negative,81.05128205128206,27.28205128205128
Positive,73.8,25.7
Neutral,62.774193548387096,27.70967741935484
