AgeGroup,Avg_Likes,Avg_Retweets
Adult,72.10810810810811,25.72972972972973
Teen,71.96153846153847,29.307692307692307
Senior,71.84,29.8
